BR_mean,BR_std,RMSSD,SDNN,CV,Ti_mean,Ti_std,Te_mean,Te_std,IE_ratio,Amp_mean,Amp_std,Dominant_Freq,Power_Low_Freq,Power_Med_Freq,Power_High_Freq,Spectral_Entropy,Spectral_Centroid,y_pair,subject_id,pair_id,session_id,file_path_breath
27.982938197784986,11.794340895949501,1.3378051843477083,1.114095760989313,0.43779388745883857,2.872836747361887,1.6728862643086981,1.2779699571265346,0.7211693480586711,2.9130417301184353,5385.42265068263,18757.78152509516,0.0703125,736030601.855827,616583327.2162764,66336026.170288034,2.950472519820615,0.2104598816906904,1,d3,diabetes003_2014_10_01-06_00_57,2014_10_01-06_00_57,/kaggle/input/d1namo-ecg-glucose-data/diabetes_subset_sensor_data/diabetes_subset_sensor_data/003/sensor_data/2014_10_01-06_00_57/2014_10_01-06_00_57_Breathing.csv
32.85542350667838,11.506086897822465,1.1008127457773638,0.8941174897598814,0.42909764604992845,1.4369183157133822,1.0988634594466775,1.057183568125605,0.5918319024993042,1.720380080361995,2575.9330232844386,18153.26970188166,0.140625,1084272688.6702836,688215305.8382957,53273336.57480496,2.711355823253107,0.18149017116626626,1,d3,diabetes003_2014_10_02-09_24_32,2014_10_02-09_24_32,/kaggle/input/d1namo-ecg-glucose-data/diabetes_subset_sensor_data/diabetes_subset_sensor_data/003/sensor_data/2014_10_02-09_24_32/2014_10_02-09_24_32_Breathing.csv
35.042650519096725,10.763664559073945,0.7898989953580148,0.5699004718920634,0.30490450069845887,0.0,0.0,0.9330144281379654,0.370147532713836,0.0,134.72911781078005,85.7381380910421,0.2109375,15145.443047546352,43996.75095896269,11758.61803002993,3.4036730937738144,0.3508709205592811,1,d3,diabetes003_2014_10_03-00_54_40,2014_10_03-00_54_40,/kaggle/input/d1namo-ecg-glucose-data/diabetes_subset_sensor_data/diabetes_subset_sensor_data/003/sensor_data/2014_10_03-00_54_40/2014_10_03-00_54_40_Breathing.csv
25.09832622728291,11.113613021422104,1.3741883629835867,1.112969499591344,0.3943541517217679,1.5663807189542482,0.5171210051043955,1.492422159913501,0.8074177503217347,0.9680001357837088,8816.913059258304,154744.30013492337,0.0703125,47000721658.99434,68562411336.552704,4669652625.751767,3.0252047496449084,0.23458391012705704,1,d3,diabetes003_2014_10_03-18_06_15,2014_10_03-18_06_15,/kaggle/input/d1namo-ecg-glucose-data/diabetes_subset_sensor_data/diabetes_subset_sensor_data/003/sensor_data/2014_10_03-18_06_15/2014_10_03-18_06_15_Breathing.csv
26.657740328340957,11.651448826111402,1.5524607949206535,1.221814638156892,0.4532838464392517,3.119890842935112,2.008891088472625,1.3613495535741758,0.8211214317125061,2.992847575997627,4687.677341207994,25564.98674601289,0.140625,2091548874.1480856,882957866.1341364,116774071.07713723,2.607257180413557,0.175523130176452,1,d3,diabetes003_2014_10_04-05_33_24,2014_10_04-05_33_24,/kaggle/input/d1namo-ecg-glucose-data/diabetes_subset_sensor_data/diabetes_subset_sensor_data/003/sensor_data/2014_10_04-05_33_24/2014_10_04-05_33_24_Breathing.csv
25.506676040621794,10.751522939554771,1.311140255733536,1.0670535947092918,0.3884211887785835,4.511436101211203,2.6434339702812357,1.509309337555587,0.7926730034981943,3.6362895840789515,22396.56336215233,25680.36465083099,0.0703125,2087900564.0873384,1824357380.6436281,141187065.87613386,2.9053028790221966,0.20237158504099614,1,d4,diabetes004_2014_10_01-06_55_10,2014_10_01-06_55_10,/kaggle/input/d1namo-ecg-glucose-data/diabetes_subset_sensor_data/diabetes_subset_sensor_data/004/sensor_data/2014_10_01-06_55_10/2014_10_01-06_55_10_Breathing.csv
25.27748951031551,10.74680635649458,1.280672056139927,1.1063353922752968,0.39722729099299353,0.0,0.0,1.5143507835241243,0.7952894105753707,0.0,40207.28980023523,38753.25699109839,0.0703125,5159116205.330082,4922447379.576962,342124294.0506417,2.9025480391080887,0.20631805442020165,1,d4,diabetes004_2014_10_02-07_21_06,2014_10_02-07_21_06,/kaggle/input/d1namo-ecg-glucose-data/diabetes_subset_sensor_data/diabetes_subset_sensor_data/004/sensor_data/2014_10_02-07_21_06/2014_10_02-07_21_06_Breathing.csv
24.844310291841087,11.318641838346522,1.4284372087733386,1.2674939593586185,0.4357789144477545,2.0160220543665783,1.4067055814392089,1.580339526306041,0.9051441832904721,1.9545465934135622,38918.5958920516,68109.50301379249,0.0703125,15691059698.741371,8641681049.934425,554140242.0683675,2.6454677141436207,0.17175706428808138,1,d4,diabetes004_2014_10_03-08_05_42,2014_10_03-08_05_42,/kaggle/input/d1namo-ecg-glucose-data/diabetes_subset_sensor_data/diabetes_subset_sensor_data/004/sensor_data/2014_10_03-08_05_42/2014_10_03-08_05_42_Breathing.csv
26.29542943933464,11.37443261421005,1.235276923359929,1.0796986960501247,0.4011616062183533,1.8780842480532882,1.4865509210045333,1.4508449613756889,0.7614523055350879,1.7594732195537932,20308.758500957527,64450.43446310821,0.0703125,9004165113.767282,4024979818.957717,287817051.75939214,2.600781195386493,0.15896099799599941,1,d4,diabetes004_2014_10_04-06_32_58,2014_10_04-06_32_58,/kaggle/input/d1namo-ecg-glucose-data/diabetes_subset_sensor_data/diabetes_subset_sensor_data/004/sensor_data/2014_10_04-06_32_58/2014_10_04-06_32_58_Breathing.csv
25.99407113201205,11.995234419355555,1.181882697569802,1.0768870953102359,0.3936552146126736,0.0,0.0,1.4642348984607425,0.7523372087021905,0.0,16597.603322361847,21016.450589891625,0.0703125,1381595521.1134586,1154105620.1565187,70729832.39164837,2.8422946634208532,0.1977704157013689,1,d4,diabetes004_2014_10_04-16_49_30,2014_10_04-16_49_30,/kaggle/input/d1namo-ecg-glucose-data/diabetes_subset_sensor_data/diabetes_subset_sensor_data/004/sensor_data/2014_10_04-16_49_30/2014_10_04-16_49_30_Breathing.csv
24.292456776092322,10.51777489463023,1.3969864548672932,1.1104636650150788,0.3835012171473125,1.2151943559151208,0.5742152003387179,1.6372092387590544,0.8332088350707454,0.9873342824975658,16690.791113817922,15614.54186776688,0.0703125,762167057.3333795,850401251.8825479,39772398.89796233,2.8219616627591657,0.2008423391212081,1,d5,diabetes005_2014_10_01-10_40_51,2014_10_01-10_40_51,/kaggle/input/d1namo-ecg-glucose-data/diabetes_subset_sensor_data/diabetes_subset_sensor_data/005/sensor_data/2014_10_01-10_40_51/2014_10_01-10_40_51_Breathing.csv
26.666376725490274,11.70796597873908,1.5946766903802236,1.1630628380648143,0.4323289597292362,1.151537956852302,0.6054940448212108,1.5225086723431096,0.9212485977631057,1.0970068482017707,25090.12812524578,27328.875487325025,0.0703125,2523407201.9256697,2116274757.3025048,126718657.45344265,2.809631767654033,0.19313321663376382,1,d5,diabetes005_2014_10_02-09_23_58,2014_10_02-09_23_58,/kaggle/input/d1namo-ecg-glucose-data/diabetes_subset_sensor_data/diabetes_subset_sensor_data/005/sensor_data/2014_10_02-09_23_58/2014_10_02-09_23_58_Breathing.csv
24.943426267253024,10.69117739782071,1.3806321161064163,1.1262833429461991,0.3974499733280434,1.2219822932412006,0.5613115725649365,1.593442404894919,0.8466399216972911,1.0392158425534892,15673.824008448384,16321.85941728367,0.0703125,814392057.5601345,830133748.720109,52250096.93300873,2.8704394448126793,0.2026697463195008,1,d5,diabetes005_2014_10_02-11_40_30,2014_10_02-11_40_30,/kaggle/input/d1namo-ecg-glucose-data/diabetes_subset_sensor_data/diabetes_subset_sensor_data/005/sensor_data/2014_10_02-11_40_30/2014_10_02-11_40_30_Breathing.csv
25.146205572719687,10.897660691600171,1.422578334186808,1.1457115400823625,0.40548293706964633,1.164098370064279,0.5423878003162883,1.6023095451965659,0.8725873517522,0.9917838699347722,22580.24494480533,24124.182554574756,0.0703125,2053190721.2442336,1782989956.5649252,105941610.29937646,2.8123799211373726,0.19615719024209044,1,d5,diabetes005_2014_10_03-08_42_25,2014_10_03-08_42_25,/kaggle/input/d1namo-ecg-glucose-data/diabetes_subset_sensor_data/diabetes_subset_sensor_data/005/sensor_data/2014_10_03-08_42_25/2014_10_03-08_42_25_Breathing.csv
26.612891764435574,11.19004872797691,1.4330531775955082,1.123142307745469,0.421277265768349,1.2901550198847496,0.612007018542904,1.4710928471565607,0.8467575808973675,1.0370734681917677,22153.84726552887,28038.423150055267,0.0703125,2328957847.9089203,2243648431.585497,148173853.21731275,2.8699637482393405,0.20210681811577946,1,d5,diabetes005_2014_10_04-08_02_17,2014_10_04-08_02_17,/kaggle/input/d1namo-ecg-glucose-data/diabetes_subset_sensor_data/diabetes_subset_sensor_data/005/sensor_data/2014_10_04-08_02_17/2014_10_04-08_02_17_Breathing.csv
26.17587937253919,11.069462382219665,1.3853644872278452,1.105516099517243,0.4097448892904801,1.2736655546288573,0.6958875390856222,1.3739259642095742,0.7456143876803495,1.2733257160716134,4997.486673693195,15955.908952624957,0.0703125,489985096.5229892,409180181.362934,45856475.6735502,2.9785617121960684,0.2091062809067662,1,d6,diabetes006_2014_10_01-06_46_44,2014_10_01-06_46_44,/kaggle/input/d1namo-ecg-glucose-data/diabetes_subset_sensor_data/diabetes_subset_sensor_data/006/sensor_data/2014_10_01-06_46_44/2014_10_01-06_46_44_Breathing.csv
27.487479462868194,11.50578599291179,1.3700966764406586,1.04630377070239,0.40805610497644007,0.0,0.0,1.298307329921191,0.6993860208966513,0.0,3557.3728674585614,7949.7033361772355,0.0703125,183810262.31399903,129104351.51001234,11809021.527705362,2.8480545412517264,0.1986992664206421,1,d6,diabetes006_2014_10_01-15_08_04,2014_10_01-15_08_04,/kaggle/input/d1namo-ecg-glucose-data/diabetes_subset_sensor_data/diabetes_subset_sensor_data/006/sensor_data/2014_10_01-15_08_04/2014_10_01-15_08_04_Breathing.csv
25.9284718593503,10.904211422951855,1.4120295719929152,1.0978630117827977,0.4063455807938157,1.3625175808720111,0.7634735315489749,1.4030421621895461,0.774002008913459,1.377777533675034,7069.220992899093,28584.132914596314,0.140625,2628897766.221894,1406396488.409161,112104762.65917346,2.671892425633544,0.1715246974657146,1,d6,diabetes006_2014_10_02-08_03_53,2014_10_02-08_03_53,/kaggle/input/d1namo-ecg-glucose-data/diabetes_subset_sensor_data/diabetes_subset_sensor_data/006/sensor_data/2014_10_02-08_03_53/2014_10_02-08_03_53_Breathing.csv
27.35110242331156,11.28332285062758,1.3659566820741555,1.0451952959430213,0.4085797154527822,1.204306632213609,0.621873456576874,1.3133923778851313,0.7269276806521443,1.2366768836724846,7353.012563165398,22431.997791825426,0.0703125,1924640418.4021695,784767538.0433308,69982385.07691148,2.577134439389969,0.15859452784155434,1,d6,diabetes006_2014_10_02-15_13_03,2014_10_02-15_13_03,/kaggle/input/d1namo-ecg-glucose-data/diabetes_subset_sensor_data/diabetes_subset_sensor_data/006/sensor_data/2014_10_02-15_13_03/2014_10_02-15_13_03_Breathing.csv
29.91107978285996,11.49339246711961,1.226025999872914,0.9311296154650291,0.4019430439380736,2.5243156054027978,1.4986619418118134,1.1577864917955307,0.617531593523873,2.926141592248999,4295.8039852653255,10957.390011992655,0.0703125,362420650.7853616,263065175.73162562,27597975.729124006,2.8687502795042104,0.19836589543473315,1,d6,diabetes006_2014_10_03-08_57_56,2014_10_03-08_57_56,/kaggle/input/d1namo-ecg-glucose-data/diabetes_subset_sensor_data/diabetes_subset_sensor_data/006/sensor_data/2014_10_03-08_57_56/2014_10_03-08_57_56_Breathing.csv
26.347939992742972,11.472192835659307,1.3369434493458827,1.0819849758898932,0.40283984666901224,0.0,0.0,1.3453595876116535,0.7128962006110674,0.0,5301.586132735337,17245.420077871997,0.140625,638540665.626446,509497711.4291123,108907796.75383674,3.0437484571601803,0.22499220977586165,1,d6,diabetes006_2014_10_04-10_30_26,2014_10_04-10_30_26,/kaggle/input/d1namo-ecg-glucose-data/diabetes_subset_sensor_data/diabetes_subset_sensor_data/006/sensor_data/2014_10_04-10_30_26/2014_10_04-10_30_26_Breathing.csv
24.85135834874655,12.099509291063145,1.9298166523590556,1.5107806244006923,0.4988545002584665,2.9322486730219595,2.0359417855645474,1.6445883557021483,1.0855526624947396,2.508811319349817,15225.628111465929,57030.364180641,0.0703125,16421241536.34829,5320712600.676163,466230491.9725578,2.455948966383858,0.13752437102354348,1,d7,diabetes007_2014_10_01-08_42_43,2014_10_01-08_42_43,/kaggle/input/d1namo-ecg-glucose-data/diabetes_subset_sensor_data/diabetes_subset_sensor_data/007/sensor_data/2014_10_01-08_42_43/2014_10_01-08_42_43_Breathing.csv
24.819313234494675,11.740010764381335,1.7142927807849295,1.3327579477991707,0.4537648190095258,0.0,0.0,1.6207557140969744,0.9816849578404716,0.0,30056.235158505875,52594.576890004006,0.0703125,7798809606.063623,5260637513.719355,259925669.6795262,2.680436308349985,0.18066110542936673,1,d7,diabetes007_2014_10_02-07_52_44,2014_10_02-07_52_44,/kaggle/input/d1namo-ecg-glucose-data/diabetes_subset_sensor_data/diabetes_subset_sensor_data/007/sensor_data/2014_10_02-07_52_44/2014_10_02-07_52_44_Breathing.csv
26.372448622380492,12.25900286223643,1.8964292009494996,1.4628998738377355,0.516150074606676,12.615448050118554,5.557161337129566,1.5335685410473865,1.0538628425425678,12.661088112355223,19873.688753732316,71022.12917342827,0.0703125,18456339701.47981,6872863102.899801,481548720.8818984,2.512531389149744,0.13915426991395646,1,d7,diabetes007_2014_10_03-06_46_57,2014_10_03-06_46_57,/kaggle/input/d1namo-ecg-glucose-data/diabetes_subset_sensor_data/diabetes_subset_sensor_data/007/sensor_data/2014_10_03-06_46_57/2014_10_03-06_46_57_Breathing.csv
24.037206150531958,12.234107340356983,2.0817115741858947,1.591191057593556,0.5027251677220198,2.6437914652267636,2.659014368135326,1.705017589810749,1.1275881434930843,2.3258812806999014,12392.447990296021,42463.070706930754,0.140625,5268620850.178896,2634025276.2823086,172617273.74412948,2.6103443642600914,0.16423706993040832,1,d7,diabetes007_2014_10_04-08_27_21,2014_10_04-08_27_21,/kaggle/input/d1namo-ecg-glucose-data/diabetes_subset_sensor_data/diabetes_subset_sensor_data/007/sensor_data/2014_10_04-08_27_21/2014_10_04-08_27_21_Breathing.csv
23.22464263275029,10.318132689667449,1.65650814938379,1.317512563664302,0.42776929313155004,1.4771177117711771,0.6098763839674826,1.800160112747918,1.0644384772615096,0.9176135686882867,20040.305482059808,68928.15419811886,0.140625,18454598925.600414,18133352901.864525,2352139901.0998936,2.9973778160717894,0.23366074318063143,1,d8,diabetes008_2014_10_01-06_43_00,2014_10_01-06_43_00,/kaggle/input/d1namo-ecg-glucose-data/diabetes_subset_sensor_data/diabetes_subset_sensor_data/008/sensor_data/2014_10_01-06_43_00/2014_10_01-06_43_00_Breathing.csv
21.917621495378743,10.766061065815599,1.6861981290432748,1.4307995524376504,0.4292947393664932,3.4567218057043116,2.4912933233011194,1.884196842123388,1.0875991499444058,2.1044788820175877,5659.344986414975,40346.80165885024,0.0703125,5327128973.052605,4007820114.750012,513703339.4922961,2.901911636054274,0.2093642817507913,1,d8,diabetes008_2014_10_02-10_13_52,2014_10_02-10_13_52,/kaggle/input/d1namo-ecg-glucose-data/diabetes_subset_sensor_data/diabetes_subset_sensor_data/008/sensor_data/2014_10_02-10_13_52/2014_10_02-10_13_52_Breathing.csv
20.51675166027831,10.358080379094686,1.5224255962872073,1.4322986271148408,0.40380026341751857,1.6465145754119137,0.7961290515985746,2.033343143025309,1.0919965789485975,1.0017749841951369,12184.435652519678,11439.067386785782,0.140625,413925200.23349965,374919135.95758533,16103699.636746947,2.7067479586034517,0.18556930536196392,1,d8,diabetes008_2014_10_03-10_51_39,2014_10_03-10_51_39,/kaggle/input/d1namo-ecg-glucose-data/diabetes_subset_sensor_data/diabetes_subset_sensor_data/008/sensor_data/2014_10_03-10_51_39/2014_10_03-10_51_39_Breathing.csv
27.34274984952037,12.550635771726535,1.127958574662289,1.2790528593514643,0.4725647885868156,0.0,0.0,1.4584990092253587,0.9044440372574302,0.0,7049.219001259193,67201.03515111712,0.0703125,24451865528.224792,11690327750.758316,976594627.6907125,2.525461825126485,0.18033549634459364,1,d8,diabetes008_2014_10_03-22_54_51,2014_10_03-22_54_51,/kaggle/input/d1namo-ecg-glucose-data/diabetes_subset_sensor_data/diabetes_subset_sensor_data/008/sensor_data/2014_10_03-22_54_51/2014_10_03-22_54_51_Breathing.csv
26.234585397580773,11.172236867349367,1.488030649052031,1.1853164243158982,0.43514279746684426,3.4150235367261743,2.50431807546312,1.430437647237272,0.8243126510393397,3.4881141060642404,23362.62608886639,153878.53727778207,0.140625,108781599621.30325,39818961251.31807,4540777799.435078,2.4858453078883005,0.1635966696366302,1,d9,diabetes009_2014_10_01-05_59_30,2014_10_01-05_59_30,/kaggle/input/d1namo-ecg-glucose-data/diabetes_subset_sensor_data/diabetes_subset_sensor_data/009/sensor_data/2014_10_01-05_59_30/2014_10_01-05_59_30_Breathing.csv
27.50260719000376,11.500883855065162,1.3931721116235716,1.1325913891712043,0.4375719547859363,2.032586655706261,1.4732699685493125,1.3574058764562342,0.7822757170150384,2.147885383875043,16606.061009477606,28972.197646238426,0.0703125,7222042329.03022,3709706258.6441813,259353574.0194004,2.657661662670157,0.16129783312291485,1,d9,diabetes009_2014_10_02-06_14_52,2014_10_02-06_14_52,/kaggle/input/d1namo-ecg-glucose-data/diabetes_subset_sensor_data/diabetes_subset_sensor_data/009/sensor_data/2014_10_02-06_14_52/2014_10_02-06_14_52_Breathing.csv
26.28388314244981,11.391957210550403,1.4711522072560852,1.2146648041921642,0.44374990128865677,2.443047857834081,1.673009580515241,1.4258433921386566,0.8285077523395491,2.519157379639573,11935.386951988608,47432.323000793825,0.0703125,14104242512.836643,8271976023.201564,521690070.71154577,2.594476505544483,0.19055230438990264,1,d9,diabetes009_2014_10_03-08_21_59,2014_10_03-08_21_59,/kaggle/input/d1namo-ecg-glucose-data/diabetes_subset_sensor_data/diabetes_subset_sensor_data/009/sensor_data/2014_10_03-08_21_59/2014_10_03-08_21_59_Breathing.csv
27.845862925235686,12.575337999793232,1.5056554225334284,1.2464452983913288,0.47453994381555714,1.4688588700238223,1.1506184690529442,1.359906822160895,0.8628959073811964,1.5802864829709966,7672.880671761445,16391.740084475496,0.0703125,711692665.2272885,515057567.93573636,40701163.6917127,2.826287709265938,0.19101220154276927,1,d9,diabetes009_2014_10_04-09_09_29,2014_10_04-09_09_29,/kaggle/input/d1namo-ecg-glucose-data/diabetes_subset_sensor_data/diabetes_subset_sensor_data/009/sensor_data/2014_10_04-09_09_29/2014_10_04-09_09_29_Breathing.csv
29.647976358731256,12.165954121558391,1.1288698615588908,1.1646117597404637,0.478180821396951,1.617075664621677,0.7159634048026939,1.2470549370220423,0.7470663257770884,1.1444701516949847,8120.452522849929,167647.99896720937,0.0703125,160148442450.446,53863975971.83013,5139915615.536224,2.388987806568891,0.14042307185096628,1,d9,diabetes009_2014_10_04-15_03_37,2014_10_04-15_03_37,/kaggle/input/d1namo-ecg-glucose-data/diabetes_subset_sensor_data/diabetes_subset_sensor_data/009/sensor_data/2014_10_04-15_03_37/2014_10_04-15_03_37_Breathing.csv
25.016791455982748,11.537319961781263,1.6101657178046713,1.4471977485173808,0.4874244500828398,4.372814765742887,4.33695489708001,1.6799907221277253,1.1148808001440105,3.756663091466209,35786.73782002662,248459.99909241276,0.0703125,120929140943.18903,91015731919.24973,7868785908.550124,2.835826651951695,0.1898065960819406,0,h10,healthy010_2014_10_01-11_26_27,2014_10_01-11_26_27,/kaggle/input/d1namo-ecg-glucose-data/healthy_subset_sensor_data/healthy_subset_sensor_data/010/sensor_data/2014_10_01-11_26_27/2014_10_01-11_26_27_Breathing.csv
23.40044542111042,11.175945976830253,1.7399281100810784,1.4467125589148875,0.4598926703265378,2.3927589881653484,1.9811148321438026,1.7267452083699666,1.0756818496793012,1.9703875321710602,14478.047196844718,24626.47158532307,0.0703125,1558863188.9165735,1101104463.371406,67958452.7606811,2.738579712172153,0.18603751865889717,0,h10,healthy010_2014_10_02-09_34_42,2014_10_02-09_34_42,/kaggle/input/d1namo-ecg-glucose-data/healthy_subset_sensor_data/healthy_subset_sensor_data/010/sensor_data/2014_10_02-09_34_42/2014_10_02-09_34_42_Breathing.csv
23.6387675425293,11.391375627998233,1.726342046413715,1.447195682645899,0.4630710452701232,1.931701370305239,1.57894393890598,1.7751683139951295,1.1388851715577215,1.5461565586543,17356.427628402733,26475.892408087064,0.0703125,1706546648.5310261,1385280722.424534,83430987.0406979,2.795958243861236,0.19332759499600916,0,h10,healthy010_2014_10_03-09_25_35,2014_10_03-09_25_35,/kaggle/input/d1namo-ecg-glucose-data/healthy_subset_sensor_data/healthy_subset_sensor_data/010/sensor_data/2014_10_03-09_25_35/2014_10_03-09_25_35_Breathing.csv
21.33236893107926,11.267710397723386,1.8625780392355873,1.6070495101791056,0.45739009841710426,4.489349238470551,3.858713207250498,2.054656157915291,1.2613998593057762,3.436143825344732,25603.79106002893,19657.800205523665,0.140625,1397586050.8696635,1406595445.1229029,49094224.79172219,2.6985680608755502,0.19497633247968907,0,h10,healthy010_2014_10_04-10_32_46,2014_10_04-10_32_46,/kaggle/input/d1namo-ecg-glucose-data/healthy_subset_sensor_data/healthy_subset_sensor_data/010/sensor_data/2014_10_04-10_32_46/2014_10_04-10_32_46_Breathing.csv
26.148218337935667,11.246903892998198,1.4047227918184202,1.1955841334841426,0.43565805926480294,0.0,0.0,1.5039816303364504,0.8672100268627144,0.0,19430.088645402877,63462.64834285579,0.0703125,16973467684.345272,4111470376.698532,344331414.4479125,2.27940449823082,0.11677873253342928,0,h11,healthy011_2014_10_01-11_32_11,2014_10_01-11_32_11,/kaggle/input/d1namo-ecg-glucose-data/healthy_subset_sensor_data/healthy_subset_sensor_data/011/sensor_data/2014_10_01-11_32_11/2014_10_01-11_32_11_Breathing.csv
24.5175006709437,11.255724259137981,1.5773268677481784,1.2718623018244575,0.43098202136009933,5.0624487967229905,4.234442053553486,1.63718354075569,0.9416557501309101,4.326806652164026,17065.458350416175,79504.09891575278,0.0703125,22103510624.682327,8905685516.298307,1507714965.1735983,2.5304194241845903,0.17206954053067128,0,h11,healthy011_2014_10_02-08_45_01,2014_10_02-08_45_01,/kaggle/input/d1namo-ecg-glucose-data/healthy_subset_sensor_data/healthy_subset_sensor_data/011/sensor_data/2014_10_02-08_45_01/2014_10_02-08_45_01_Breathing.csv
24.995712520708693,11.371287086144571,1.644357054495043,1.2943620066918073,0.44548318587483476,1.3284859044810793,0.7011867806351261,1.6087517201580326,0.9591412004538548,1.1322594942318103,9891.870608863182,14692.837841891433,0.0703125,8196171158.39884,3514543717.214989,200487702.8045984,2.53290179944265,0.15659929896286004,0,h11,healthy011_2014_10_03-07_37_32,2014_10_03-07_37_32,/kaggle/input/d1namo-ecg-glucose-data/healthy_subset_sensor_data/healthy_subset_sensor_data/011/sensor_data/2014_10_03-07_37_32/2014_10_03-07_37_32_Breathing.csv
25.603327186133242,11.618435867375217,1.699122783990437,1.3375443264290463,0.46747701607224423,1.238320707070707,0.7602256239297714,1.6190058032987171,1.0302408549836624,1.078904835904791,12341.263828060477,19689.864844585944,0.0703125,1078237327.313966,764444690.5568148,50324228.07882935,2.780187080342506,0.1862335041636448,0,h11,healthy011_2014_10_04-07_54_56,2014_10_04-07_54_56,/kaggle/input/d1namo-ecg-glucose-data/healthy_subset_sensor_data/healthy_subset_sensor_data/011/sensor_data/2014_10_04-07_54_56/2014_10_04-07_54_56_Breathing.csv
22.169366850119967,10.264468783374166,1.5376083142814279,1.3640942472830337,0.41958461003101116,2.5551563442016585,1.9036079492051223,1.8344385930693714,0.9962719924624458,1.9998568940396886,16951.84798534367,109375.24382774447,0.0703125,27650639410.021362,7554420840.858107,533027402.4644127,2.3030949368314175,0.12523437478271596,0,h12,diabetes012_2014_10_01-06_20_34,2014_10_01-06_20_34,/kaggle/input/d1namo-ecg-glucose-data/healthy_subset_sensor_data/healthy_subset_sensor_data/012_diabetes/sensor_data/2014_10_01-06_20_34/2014_10_01-06_20_34_Breathing.csv
22.769417191799416,10.955530274100417,1.4899708927796884,1.3507452312450832,0.4237309840136245,0.0,0.0,1.8058235366475126,0.9846585540684573,0.0,21705.327406072178,74795.14993254526,0.0703125,42723509956.18555,8626934394.250988,1052370302.2225883,2.0917823052327056,0.13883160234162611,0,h12,diabetes012_2014_10_02-06_11_43,2014_10_02-06_11_43,/kaggle/input/d1namo-ecg-glucose-data/healthy_subset_sensor_data/healthy_subset_sensor_data/012_diabetes/sensor_data/2014_10_02-06_11_43/2014_10_02-06_11_43_Breathing.csv
24.583524512591186,10.493019587102939,1.3059805363787045,1.1766006576098131,0.41083171657603373,0.0,0.0,1.581367040139892,0.8492373281007203,0.0,40250.2417522835,66138.27886335691,0.0703125,25733525367.697136,12056854234.129442,809052573.6097224,2.5710466019996967,0.16347021106591678,0,h12,diabetes012_2014_10_03-06_06_15,2014_10_03-06_06_15,/kaggle/input/d1namo-ecg-glucose-data/healthy_subset_sensor_data/healthy_subset_sensor_data/012_diabetes/sensor_data/2014_10_03-06_06_15/2014_10_03-06_06_15_Breathing.csv
22.384817524533474,9.167024986692743,1.1647857361131493,1.005746389006328,0.3309749236574012,0.0,0.0,1.7258902248019166,0.7463268292378531,0.0,27271.955800939522,67965.26052387556,0.0703125,11697259988.772078,9606341215.028522,448307130.630725,2.7531302389174375,0.1872207250049596,0,h13,healthy013_2014_10_01-11_02_54,2014_10_01-11_02_54,/kaggle/input/d1namo-ecg-glucose-data/healthy_subset_sensor_data/healthy_subset_sensor_data/013/sensor_data/2014_10_01-11_02_54/2014_10_01-11_02_54_Breathing.csv
26.069735181765655,9.831564889281658,1.19370297046714,0.9943909393522163,0.37734087160814916,1.2110491882723529,0.5219352668378038,1.4601319110521565,0.7535580780821483,0.9554326661011128,25742.967577719584,25992.594862440827,0.0703125,1756624545.096201,2393911313.6349416,170137523.94068962,2.9314544348956018,0.2246661166723529,0,h13,healthy013_2014_10_02-08_13_56,2014_10_02-08_13_56,/kaggle/input/d1namo-ecg-glucose-data/healthy_subset_sensor_data/healthy_subset_sensor_data/013/sensor_data/2014_10_02-08_13_56/2014_10_02-08_13_56_Breathing.csv
24.056962086341642,9.512130529961235,1.2323034185594424,1.0054081541196571,0.35391273596636064,1.1915748658295457,0.5862135049528032,1.5987019272852723,0.7664284510875193,0.8630811560231417,39335.41472604915,64604.732627719706,0.0703125,12674726656.70985,8659238947.026314,488298097.9446324,2.682455804839257,0.18393425786012482,0,h13,healthy013_2014_10_03-09_31_23,2014_10_03-09_31_23,/kaggle/input/d1namo-ecg-glucose-data/healthy_subset_sensor_data/healthy_subset_sensor_data/013/sensor_data/2014_10_03-09_31_23/2014_10_03-09_31_23_Breathing.csv
24.701297653165152,9.558370828591856,1.2463156320790838,1.0757231808618288,0.3838627878126908,1.2437746256895192,0.5609564015108334,1.6109888497652582,0.8192525707632979,0.8222775086520678,22546.433561818314,24148.448586352966,0.0703125,2239223229.837387,1842729192.965468,84576683.49092796,2.721589281685889,0.18622876546168127,0,h13,healthy013_2014_10_04-09_17_41,2014_10_04-09_17_41,/kaggle/input/d1namo-ecg-glucose-data/healthy_subset_sensor_data/healthy_subset_sensor_data/013/sensor_data/2014_10_04-09_17_41/2014_10_04-09_17_41_Breathing.csv
26.15155861137722,9.77310822519795,1.1993194222824592,0.9835385926214926,0.3764803110062362,2.035321137245585,1.1543984227635136,1.420375850916069,0.7384267441598642,2.4694589304193046,12144.29799385476,96869.43912938506,0.0703125,33789610062.022385,16397700920.2648,1391131630.9418743,2.6429548939557863,0.1631925370308897,0,h14,healthy014_2014_10_01-09_51_57,2014_10_01-09_51_57,/kaggle/input/d1namo-ecg-glucose-data/healthy_subset_sensor_data/healthy_subset_sensor_data/014/sensor_data/2014_10_01-09_51_57/2014_10_01-09_51_57_Breathing.csv
25.80736899591607,10.048904548768315,1.1597210286240514,0.9782371904577958,0.3671364572813934,1.3317095801438181,0.5642762016348587,1.4592181457092086,0.7328537583625122,1.0687004326557872,11802.371872768768,80787.01321953989,0.0703125,16078354019.459114,16968669163.507935,1122551397.1510577,2.964740111311691,0.21880033780719738,0,h14,healthy014_2014_10_02-07_06_16,2014_10_02-07_06_16,/kaggle/input/d1namo-ecg-glucose-data/healthy_subset_sensor_data/healthy_subset_sensor_data/014/sensor_data/2014_10_02-07_06_16/2014_10_02-07_06_16_Breathing.csv
25.106650057358017,9.97867720380883,1.1578510978569179,0.9683496704567671,0.354935859682073,1.2126178715761113,0.564266441063656,1.4864456356782692,0.7084255985495586,1.1154014770866827,10861.433131268335,69795.84141878078,0.0703125,12980212200.370506,12910395479.109495,667541700.4478772,2.911599239303066,0.21444967743972407,0,h14,healthy014_2014_10_03-07_07_52,2014_10_03-07_07_52,/kaggle/input/d1namo-ecg-glucose-data/healthy_subset_sensor_data/healthy_subset_sensor_data/014/sensor_data/2014_10_03-07_07_52/2014_10_03-07_07_52_Breathing.csv
23.875334098633395,9.669484630598609,1.119847192027245,0.9929563284869266,0.3463342730745301,3.328011919965943,1.8525651612094565,1.5612667723329094,0.6974240684410863,2.3447807476489837,10638.510488807668,119992.44794178811,0.0703125,22109641227.172024,6207241817.058624,488992102.65270334,2.317935423724097,0.13098920094189104,0,h14,healthy014_2014_10_04-07_15_54,2014_10_04-07_15_54,/kaggle/input/d1namo-ecg-glucose-data/healthy_subset_sensor_data/healthy_subset_sensor_data/014/sensor_data/2014_10_04-07_15_54/2014_10_04-07_15_54_Breathing.csv
24.99094227629138,10.492607254582992,1.4970513114954809,1.2742484734648785,0.4458459428773697,1.3793062748048805,0.8145208155252838,1.5469563152896488,0.9229934591891049,1.1567227278971892,21921.148443419417,61763.28124360286,0.0703125,7526334769.371958,5356717521.100513,418444978.76773626,2.767480375991543,0.19408217378939677,0,h15,healthy015_2014_10_01-09_52_17,2014_10_01-09_52_17,/kaggle/input/d1namo-ecg-glucose-data/healthy_subset_sensor_data/healthy_subset_sensor_data/015/sensor_data/2014_10_01-09_52_17/2014_10_01-09_52_17_Breathing.csv
23.690870469795907,10.273932327168783,1.362603535024492,1.2914322828800158,0.426922248935914,3.6464660077867626,1.4952851726332408,1.6471185713472642,0.9303792496507731,3.4349326934949893,21358.362303331363,19998.194866239242,0.2109375,1176790616.6157248,1461265159.0948732,55455659.27238247,2.7676173207623687,0.2030105505888623,0,h15,healthy015_2014_10_02-08_06_54,2014_10_02-08_06_54,/kaggle/input/d1namo-ecg-glucose-data/healthy_subset_sensor_data/healthy_subset_sensor_data/015/sensor_data/2014_10_02-08_06_54/2014_10_02-08_06_54_Breathing.csv
24.796338315886874,9.680290595277857,1.271182442500791,1.1776962482557942,0.41728633892108563,1.2791184041184043,0.5853151070007105,1.5126315698433703,0.8803646064672904,1.0504584991118757,18863.974218777665,18840.297789205437,0.2109375,951372159.5040495,1394977965.2962837,41951488.73834471,2.720328995481774,0.20881157404624684,0,h15,healthy015_2014_10_03-08_32_15,2014_10_03-08_32_15,/kaggle/input/d1namo-ecg-glucose-data/healthy_subset_sensor_data/healthy_subset_sensor_data/015/sensor_data/2014_10_03-08_32_15/2014_10_03-08_32_15_Breathing.csv
24.872372573573823,9.535807411933487,1.330248850305026,1.1508760515313952,0.41164977496134775,0.0,0.0,1.5102155212835795,0.868785302263094,0.0,21825.65067954786,19668.66125041894,0.2109375,1021842330.9411974,1648922841.055274,52968317.64587408,2.777197923248627,0.21580367762079025,0,h15,healthy015_2014_10_04-08_11_48,2014_10_04-08_11_48,/kaggle/input/d1namo-ecg-glucose-data/healthy_subset_sensor_data/healthy_subset_sensor_data/015/sensor_data/2014_10_04-08_11_48/2014_10_04-08_11_48_Breathing.csv
21.64229200855766,11.640910325609285,1.7420984953721814,1.697066074891696,0.47721849760440666,1.5183209026582523,0.7656403966683278,2.0719927819016144,1.2651610002903946,0.9167223254259413,14923.611952588619,22740.655982643195,0.0703125,1509878913.740638,891656056.8849802,29577337.991036393,2.5434781669199826,0.16152762991930897,0,h17,healthy017_2014_10_01-08_13_07,2014_10_01-08_13_07,/kaggle/input/d1namo-ecg-glucose-data/healthy_subset_sensor_data/healthy_subset_sensor_data/017/sensor_data/2014_10_01-08_13_07/2014_10_01-08_13_07_Breathing.csv
21.297175052901558,10.717388022467965,1.6414225990495275,1.473971329828691,0.42641679814551425,1.3916666666666666,0.7250290063396706,1.9761696863857965,1.103387800117914,1.159104337825814,20091.196111304653,25323.156501773374,0.0703125,1778496261.6161013,1304209334.201923,51146402.42317255,2.667509902678233,0.17550949118775688,0,h17,healthy017_2014_10_02-08_17_26,2014_10_02-08_17_26,/kaggle/input/d1namo-ecg-glucose-data/healthy_subset_sensor_data/healthy_subset_sensor_data/017/sensor_data/2014_10_02-08_17_26/2014_10_02-08_17_26_Breathing.csv
20.81135916105403,11.01941349691194,1.7670280778289877,1.5978492088281913,0.44334116495752035,0.0,0.0,2.084300805355088,1.2076486573892724,0.0,15972.821117456779,20916.10038808466,0.0703125,1387575247.7034214,774759250.081735,24206473.76544876,2.504636778289405,0.15829913642126764,0,h17,healthy017_2014_10_03-08_12_11,2014_10_03-08_12_11,/kaggle/input/d1namo-ecg-glucose-data/healthy_subset_sensor_data/healthy_subset_sensor_data/017/sensor_data/2014_10_03-08_12_11/2014_10_03-08_12_11_Breathing.csv
21.924478328253315,11.094942146313858,1.6747776184716532,1.4782065548077956,0.43729901422360795,3.259327652425927,2.317697291481492,1.927502946586916,1.1102462105196842,2.3376461336979495,17458.948411286885,57641.998378228054,0.0703125,8276135411.963391,3452879219.781247,219980141.35178578,2.5028607691701175,0.15241246681780624,0,h17,healthy017_2014_10_04-08_23_04,2014_10_04-08_23_04,/kaggle/input/d1namo-ecg-glucose-data/healthy_subset_sensor_data/healthy_subset_sensor_data/017/sensor_data/2014_10_04-08_23_04/2014_10_04-08_23_04_Breathing.csv
21.770469291877014,10.162566727657568,1.308860820736282,1.1735220973438407,0.3619523912532247,1.525157002174816,0.5610489051066281,1.8164230252027935,0.8470412477474478,0.9360823979390873,18022.94339842839,64629.77638279937,0.0703125,10725959235.649765,4972425404.172943,374076578.2231165,2.608991491442597,0.15067754704296582,0,h19,healthy019_2014_10_01-07_21_15,2014_10_01-07_21_15,/kaggle/input/d1namo-ecg-glucose-data/healthy_subset_sensor_data/healthy_subset_sensor_data/019/sensor_data/2014_10_01-07_21_15/2014_10_01-07_21_15_Breathing.csv
25.384095050899646,11.288302164464637,1.350741290687448,1.1758149413453318,0.4158419739012839,1.2771719087508562,0.6433952520724034,1.4983834918072003,0.8151623825281339,1.1114205591699329,8309.321873644125,47927.89614970315,0.0703125,9400207066.830296,3807912187.1918526,310451874.358046,2.5517016885997905,0.15068152957321487,0,h19,healthy019_2014_10_02-06_20_25,2014_10_02-06_20_25,/kaggle/input/d1namo-ecg-glucose-data/healthy_subset_sensor_data/healthy_subset_sensor_data/019/sensor_data/2014_10_02-06_20_25/2014_10_02-06_20_25_Breathing.csv
24.57225508361861,11.308859638611954,1.4289105344241047,1.2003527446447584,0.4112868013116149,1.2852018344458065,0.5848401475245508,1.5856184486373164,0.8327729888297876,1.0387873214999745,19016.17663966564,75466.36419156902,0.0703125,16161407883.202639,6802481175.979217,482142677.3114501,2.5582630062334104,0.15120799375348806,0,h19,healthy019_2014_10_03-08_55_44,2014_10_03-08_55_44,/kaggle/input/d1namo-ecg-glucose-data/healthy_subset_sensor_data/healthy_subset_sensor_data/019/sensor_data/2014_10_03-08_55_44/2014_10_03-08_55_44_Breathing.csv
22.45785708535857,10.26217161455543,1.4418626157617056,1.2507944557821256,0.3949315900899049,1.3136288998357961,0.8067975727484178,1.7662559241706162,0.8839725851233423,0.9889127983520034,22787.70648607234,32483.36471151652,0.0703125,2320950324.8202963,2133773012.4774,195481315.53755116,2.937680001885822,0.20603479912208705,0,h19,healthy019_2014_10_04-11_09_00,2014_10_04-11_09_00,/kaggle/input/d1namo-ecg-glucose-data/healthy_subset_sensor_data/healthy_subset_sensor_data/019/sensor_data/2014_10_04-11_09_00/2014_10_04-11_09_00_Breathing.csv
24.973582389449458,12.272423907126074,1.5249894061997404,1.4076710807403032,0.4712855926742104,1.535545198993934,0.9289745211896125,1.575495359919739,0.9239613765246935,1.2198058156055478,21438.374354534608,157327.5991892653,0.0703125,98315161362.03156,31773611967.72687,3545373280.379861,2.436465081616073,0.12980168517430976,0,h20,healthy020_2014_10_01-10_04_56,2014_10_01-10_04_56,/kaggle/input/d1namo-ecg-glucose-data/healthy_subset_sensor_data/healthy_subset_sensor_data/020/sensor_data/2014_10_01-10_04_56/2014_10_01-10_04_56_Breathing.csv
24.934719493347497,12.444524172716257,1.51955717739424,1.4111567611279607,0.4675631127850514,1.3854145686471973,0.7681694765799738,1.6036369838803812,0.9502197636764481,1.1938887604733526,14213.295811223776,17946.160806932374,0.0703125,6977345100.036942,3724103739.616438,227101247.87464422,2.516792778349434,0.17450464741742147,0,h20,healthy020_2014_10_02-06_30_01,2014_10_02-06_30_01,/kaggle/input/d1namo-ecg-glucose-data/healthy_subset_sensor_data/healthy_subset_sensor_data/020/sensor_data/2014_10_02-06_30_01/2014_10_02-06_30_01_Breathing.csv
26.67318335159017,12.826829161878301,1.508255918652023,1.3851190110408658,0.49070484879956827,1.4712834718374885,0.7462372520150644,1.4777525994641743,0.9085349195430659,1.236718794504424,15579.918650027572,29845.74355575886,0.0703125,8604781870.484478,3454572089.070532,297224051.20968753,2.5456281031751393,0.15522020060374128,0,h20,healthy020_2014_10_03-06_35_51,2014_10_03-06_35_51,/kaggle/input/d1namo-ecg-glucose-data/healthy_subset_sensor_data/healthy_subset_sensor_data/020/sensor_data/2014_10_03-06_35_51/2014_10_03-06_35_51_Breathing.csv
27.136295438074796,12.921084600147413,1.6059204122217516,1.3700459947520323,0.49448143569513286,2.7073552065261333,2.125627858827123,1.4523499261575885,0.9073656192604326,2.7234666393097138,14982.356301720558,45723.6021974514,0.140625,4717890612.094647,3360983695.4312468,239515616.48231825,2.7754580278897465,0.18618354354441596,0,h20,healthy020_2014_10_04-06_08_25,2014_10_04-06_08_25,/kaggle/input/d1namo-ecg-glucose-data/healthy_subset_sensor_data/healthy_subset_sensor_data/020/sensor_data/2014_10_04-06_08_25/2014_10_04-06_08_25_Breathing.csv
25.067510784760444,11.316291017699578,1.394341874189833,1.2565476150508845,0.4345101148637313,1.5951523878089753,0.7809288342236451,1.5566758226961812,0.894629863378658,1.00827075757378,6226.286344138396,55975.664278190045,0.140625,15924916222.155453,9233455998.328218,1186934104.915183,2.8201763643781304,0.19561429037132919,0,h3,healthy003_2014_10_01-10_14_30,2014_10_01-10_14_30,/kaggle/input/d1namo-ecg-glucose-data/healthy_subset_sensor_data/healthy_subset_sensor_data/003/sensor_data/2014_10_01-10_14_30/2014_10_01-10_14_30_Breathing.csv
24.37190519480708,11.125342067841373,1.4451245680030271,1.3045209174471857,0.43724157140565645,1.2964068546158098,0.7139983279021733,1.6115385938275428,0.9299901626562893,1.1874998291841647,7955.0618982334345,75535.32698969853,0.0703125,17016562053.10796,11178018705.294834,1263880026.449461,2.838535618041166,0.19715073353594223,0,h3,healthy003_2014_10_02-08_37_05,2014_10_02-08_37_05,/kaggle/input/d1namo-ecg-glucose-data/healthy_subset_sensor_data/healthy_subset_sensor_data/003/sensor_data/2014_10_02-08_37_05/2014_10_02-08_37_05_Breathing.csv
24.533441955199883,11.231086714020522,1.5039011458388807,1.304973508560479,0.4402393937746492,1.1453781512605041,0.5692278034431784,1.5984244044795217,0.9227603023521207,1.0963492200520562,8189.340113732606,9433.469859938155,0.0703125,6692832847.442463,2902857554.0741096,186227359.09662822,2.549348013710708,0.1642589567565837,0,h3,healthy003_2014_10_03-08_37_23,2014_10_03-08_37_23,/kaggle/input/d1namo-ecg-glucose-data/healthy_subset_sensor_data/healthy_subset_sensor_data/003/sensor_data/2014_10_03-08_37_23/2014_10_03-08_37_23_Breathing.csv
24.595034985835845,10.751491404478198,1.5731267127971187,1.2673047342101238,0.4350699397359199,0.0,0.0,1.4446783471847613,0.8610693141933856,0.0,4570.032166183549,10690.576013275231,0.140625,305097347.8406261,273883059.960123,10847188.589628864,2.6914825344027014,0.18618345263574862,0,h3,healthy003_2014_10_04-08_47_14,2014_10_04-08_47_14,/kaggle/input/d1namo-ecg-glucose-data/healthy_subset_sensor_data/healthy_subset_sensor_data/003/sensor_data/2014_10_04-08_47_14/2014_10_04-08_47_14_Breathing.csv
24.61951018942454,9.54579139755979,1.2700737472035568,1.0654831813793146,0.3801699539021619,1.1356376910791692,0.5966018757143123,1.56675728305088,0.8346576916979181,1.0110355335487011,20470.452084008484,48276.32433150774,0.0703125,15917365868.654411,8535004715.046403,1023019609.8632244,2.66403312815174,0.19373815229684174,0,h4,healthy004_2014_10_01-06_25_47,2014_10_01-06_25_47,/kaggle/input/d1namo-ecg-glucose-data/healthy_subset_sensor_data/healthy_subset_sensor_data/004/sensor_data/2014_10_01-06_25_47/2014_10_01-06_25_47_Breathing.csv
24.150929092690692,9.785432144771455,1.5029381791276923,1.2440835645159116,0.425749171315321,0.0,0.0,1.684740020621594,1.0074264069507206,0.0,18074.468512513602,108170.88062149342,0.0703125,88927119743.66997,40054817640.53728,4913553086.489369,2.6518515588033984,0.1647279723518069,0,h4,healthy004_2014_10_02-06_22_16,2014_10_02-06_22_16,/kaggle/input/d1namo-ecg-glucose-data/healthy_subset_sensor_data/healthy_subset_sensor_data/004/sensor_data/2014_10_02-06_22_16/2014_10_02-06_22_16_Breathing.csv
24.671834125032834,9.47375662038628,1.2376990429753003,0.9854914616008998,0.3568803828787376,0.0,0.0,1.535694259997049,0.782793052175952,0.0,24760.99232336301,21113.469060139134,0.0703125,1642012350.7843108,1775547733.4660933,87004485.92830223,2.87007175083191,0.2069988307201943,0,h4,healthy004_2014_10_02-15_58_32,2014_10_02-15_58_32,/kaggle/input/d1namo-ecg-glucose-data/healthy_subset_sensor_data/healthy_subset_sensor_data/004/sensor_data/2014_10_02-15_58_32/2014_10_02-15_58_32_Breathing.csv
24.77518023096767,9.927497440954614,1.276061591979578,1.0564247882703628,0.37783603828034645,1.206343766659051,0.5723784056210667,1.5537828160899432,0.8201018474620725,0.9954441732157735,11464.200994157785,46591.866031991114,0.0703125,4883424560.534196,2059197529.5374265,166846527.54447144,2.5853372678445683,0.1515192401489796,0,h4,healthy004_2014_10_03-06_20_53,2014_10_03-06_20_53,/kaggle/input/d1namo-ecg-glucose-data/healthy_subset_sensor_data/healthy_subset_sensor_data/004/sensor_data/2014_10_03-06_20_53/2014_10_03-06_20_53_Breathing.csv
25.90001229798007,9.865109774706694,1.3085334475208288,1.0654527454301599,0.3988474030387772,0.0,0.0,1.470425416691738,0.8388696477569354,0.0,12844.213440364652,44142.86949152242,0.0703125,4955694938.31587,1935163819.2065568,173026668.25739247,2.5700322738827968,0.14500353170210656,0,h4,healthy004_2014_10_04-06_17_01,2014_10_04-06_17_01,/kaggle/input/d1namo-ecg-glucose-data/healthy_subset_sensor_data/healthy_subset_sensor_data/004/sensor_data/2014_10_04-06_17_01/2014_10_04-06_17_01_Breathing.csv
25.35640741366496,12.142988066267739,1.8898168638325654,1.5024757006713094,0.5078897820064305,1.3611455748552526,0.8710174853403676,1.617227554243058,1.0743945913081039,1.1496891972792322,7806.379588701138,78919.39482155252,0.0703125,13732772190.204185,6452078788.032272,562447624.187238,2.657573429101474,0.16346123331113696,0,h5,healthy005_2014_10_01-10_29_04,2014_10_01-10_29_04,/kaggle/input/d1namo-ecg-glucose-data/healthy_subset_sensor_data/healthy_subset_sensor_data/005/sensor_data/2014_10_01-10_29_04/2014_10_01-10_29_04_Breathing.csv
25.40117373537445,12.058556454928242,1.8035088023814527,1.5002865477809122,0.5056093874350462,1.3757645543916996,0.8544745783673008,1.6244430959456866,1.0919529421076195,1.2849094951425974,11309.14813137525,73992.68272836402,0.0703125,11792602985.695955,6667053659.741974,653947331.5061327,2.723649131766336,0.18493249101870923,0,h5,healthy005_2014_10_02-08_10_52,2014_10_02-08_10_52,/kaggle/input/d1namo-ecg-glucose-data/healthy_subset_sensor_data/healthy_subset_sensor_data/005/sensor_data/2014_10_02-08_10_52/2014_10_02-08_10_52_Breathing.csv
24.123807063990753,12.3097719638644,1.9829674162046202,1.6452604984782526,0.5153871382806913,1.7771424120940833,1.3838195217845544,1.7657121255079862,1.1842380947407924,1.5261048329211446,8934.311496436521,67705.28694418429,0.0703125,9199624358.607376,3695859687.218439,395609495.4041039,2.6063590837897936,0.1488540047042238,0,h5,healthy005_2014_10_03-08_01_29,2014_10_03-08_01_29,/kaggle/input/d1namo-ecg-glucose-data/healthy_subset_sensor_data/healthy_subset_sensor_data/005/sensor_data/2014_10_03-08_01_29/2014_10_03-08_01_29_Breathing.csv
23.52071284268487,11.919974097890272,1.792333025503654,1.5998798142014015,0.4920539746193935,1.42451065054692,1.0328169978627504,1.831308490726561,1.1599945125347266,1.232966476936946,13577.503757391938,71354.14321331376,0.0703125,11329018764.804516,5064905856.164038,534927217.0731764,2.598309493596951,0.16558532589253572,0,h5,healthy005_2014_10_04-08_10_40,2014_10_04-08_10_40,/kaggle/input/d1namo-ecg-glucose-data/healthy_subset_sensor_data/healthy_subset_sensor_data/005/sensor_data/2014_10_04-08_10_40/2014_10_04-08_10_40_Breathing.csv
20.510881460976155,9.966090929415683,1.4812821481762188,1.3194112038467827,0.38005126181472504,1.3184754521963826,0.7883156749694714,1.9548967875500494,0.9395410798975713,1.147070545489788,47658.41648637454,115943.01823481309,0.140625,34896206860.41229,13452811382.992914,623648467.9842265,2.4303532568985,0.15388155711626533,0,h6,healthy006_2014_10_01-09_04_15,2014_10_01-09_04_15,/kaggle/input/d1namo-ecg-glucose-data/healthy_subset_sensor_data/healthy_subset_sensor_data/006/sensor_data/2014_10_01-09_04_15/2014_10_01-09_04_15_Breathing.csv
23.401222225250084,11.11968534501165,1.5954102209214018,1.3346120385554978,0.4298291826329317,1.344254172117176,0.6404724748480431,1.7514257808352973,0.9764948635866562,0.9920610908130051,43705.438889037774,49649.83194351734,0.0703125,7389174475.257781,6024499369.723826,322436460.2495941,2.793123482974871,0.187400795933575,0,h6,healthy006_2014_10_02-06_50_16,2014_10_02-06_50_16,/kaggle/input/d1namo-ecg-glucose-data/healthy_subset_sensor_data/healthy_subset_sensor_data/006/sensor_data/2014_10_02-06_50_16/2014_10_02-06_50_16_Breathing.csv
27.426085990362616,12.642793384491412,1.5317109784426701,1.315266773070011,0.48547816423990336,0.0,0.0,1.4534664408164246,0.9160147730636203,0.0,25972.614055100785,35249.97879193127,0.0703125,3508521508.9390574,2892458919.0173645,235775385.43513787,2.904989842212064,0.20164039657145058,0,h6,healthy006_2014_10_03-07_48_25,2014_10_03-07_48_25,/kaggle/input/d1namo-ecg-glucose-data/healthy_subset_sensor_data/healthy_subset_sensor_data/006/sensor_data/2014_10_03-07_48_25/2014_10_03-07_48_25_Breathing.csv
23.377624505535028,11.381351376167615,1.5213769274264637,1.326069757605217,0.4249623601923667,5.338359838644955,2.8050918946768477,1.7907143738709932,1.0076879042671483,3.8390293800616724,36513.45740203919,35195.668139701134,0.0703125,3912337921.003915,3643945222.0787888,157369222.38170886,2.7843390134604373,0.19190606566776564,0,h6,healthy006_2014_10_04-08_25_08,2014_10_04-08_25_08,/kaggle/input/d1namo-ecg-glucose-data/healthy_subset_sensor_data/healthy_subset_sensor_data/006/sensor_data/2014_10_04-08_25_08/2014_10_04-08_25_08_Breathing.csv
25.444296467460813,11.055817912352074,1.6361151379491607,1.360407754943504,0.47500417280221513,0.0,0.0,1.5951268663552258,1.0189595313993889,0.0,31527.819797557724,63179.240903433514,0.0703125,10934832006.846546,7556452518.340927,601432230.5567808,2.784029504489619,0.1871912942503122,0,h7,healthy007_2014_10_02-06_32_36,2014_10_02-06_32_36,/kaggle/input/d1namo-ecg-glucose-data/healthy_subset_sensor_data/healthy_subset_sensor_data/007/sensor_data/2014_10_02-06_32_36/2014_10_02-06_32_36_Breathing.csv
24.471753420422196,11.007254756022474,1.5785505718579027,1.2673009313951895,0.43008693149359617,0.0,0.0,1.607416594482505,0.9342741671178662,0.0,27945.384364661928,76955.07992401753,0.0703125,13264167147.427559,10425337722.470901,694578910.890228,2.793129992112735,0.1845311767997798,0,h7,healthy007_2014_10_02-13_10_03,2014_10_02-13_10_03,/kaggle/input/d1namo-ecg-glucose-data/healthy_subset_sensor_data/healthy_subset_sensor_data/007/sensor_data/2014_10_02-13_10_03/2014_10_02-13_10_03_Breathing.csv
26.988928047356843,11.6430435896256,1.5958747708180792,1.2701736381294917,0.47305317691872806,1.7221964961024927,1.4922365857453672,1.446659014696284,0.9349400681440496,1.6397983836980146,34284.78739425849,89971.4261761038,0.0703125,21318345828.44867,13178985248.60861,1235835419.2368803,2.7769427899210544,0.1854042454175667,0,h7,healthy007_2014_10_03-06_43_59,2014_10_03-06_43_59,/kaggle/input/d1namo-ecg-glucose-data/healthy_subset_sensor_data/healthy_subset_sensor_data/007/sensor_data/2014_10_03-06_43_59/2014_10_03-06_43_59_Breathing.csv
27.696074215795214,11.44691920914297,1.572276187761196,1.1704168979680778,0.45429892363607643,2.618101717890566,1.7277316248181824,1.3540270934890468,0.841092001138927,2.7897057423727536,35123.30620116242,118719.77358326879,0.0703125,18453461371.565804,10075164687.802979,802508569.0964463,2.73872749837524,0.1679760866876188,0,h7,healthy007_2014_10_04-08_08_25,2014_10_04-08_08_25,/kaggle/input/d1namo-ecg-glucose-data/healthy_subset_sensor_data/healthy_subset_sensor_data/007/sensor_data/2014_10_04-08_08_25/2014_10_04-08_08_25_Breathing.csv
27.832899440331236,11.645396607405381,1.839653398700307,1.3472872323303304,0.5145931111255866,3.2016959361529915,1.8860973365207665,1.3750541156097653,0.9696681552016256,3.5542829017650033,24343.892523031085,46902.30212302102,0.0703125,6826211038.758205,4184395528.0386844,449904182.94735503,2.779088457046285,0.18309309537994073,0,h7,healthy007_2014_10_04-21_44_52,2014_10_04-21_44_52,/kaggle/input/d1namo-ecg-glucose-data/healthy_subset_sensor_data/healthy_subset_sensor_data/007/sensor_data/2014_10_04-21_44_52/2014_10_04-21_44_52_Breathing.csv
25.13914270924395,11.280288525143705,1.6902444854039755,1.3384612084150354,0.4624687920895538,1.3253544665480619,0.7737582114482457,1.5603589311387636,0.9722420888588502,1.2172636009882543,26503.10487663413,58727.72691859605,0.0703125,10786362537.405842,6237482130.490142,430620911.8734135,2.701717000409718,0.17338916521581713,0,h7,healthy007_2014_10_05-10_23_50,2014_10_05-10_23_50,/kaggle/input/d1namo-ecg-glucose-data/healthy_subset_sensor_data/healthy_subset_sensor_data/007/sensor_data/2014_10_05-10_23_50/2014_10_05-10_23_50_Breathing.csv
25.05506139202742,10.513556511664094,1.2896201071184041,1.1098448912055696,0.39499886518622396,1.2150477409718887,0.5946881607908132,1.4905543504458907,0.7766111042091797,1.1848741199124082,10005.066162943775,19246.371187745677,0.0703125,95338719600.6985,21364106721.485485,1512072790.230204,2.229443491486445,0.13070783849765932,0,h8,healthy008_2014_10_01-10_04_02,2014_10_01-10_04_02,/kaggle/input/d1namo-ecg-glucose-data/healthy_subset_sensor_data/healthy_subset_sensor_data/008/sensor_data/2014_10_01-10_04_02/2014_10_01-10_04_02_Breathing.csv
25.388960018112577,9.96537665025171,1.2649142691785775,1.0328138412650532,0.3796737408128302,1.2632098765432098,0.900857150805608,1.4558841021981042,0.7519843599063206,1.5347354178403765,14955.80361693615,50060.208966496124,0.0703125,12255416964.443796,5118297183.965049,562789315.6501452,2.625094141908217,0.15232934150172753,0,h8,healthy008_2014_10_02-09_02_32,2014_10_02-09_02_32,/kaggle/input/d1namo-ecg-glucose-data/healthy_subset_sensor_data/healthy_subset_sensor_data/008/sensor_data/2014_10_02-09_02_32/2014_10_02-09_02_32_Breathing.csv
25.383954772126256,9.891080851847587,1.170790010767495,0.9914528907565467,0.3664581441849826,1.2328568997787988,0.6119422626681383,1.4521963824289406,0.7126088381811018,1.151634645312779,18139.546857365778,49300.44059073854,0.0703125,7072130460.628671,2440763892.79576,211153298.42097676,2.4601086490951074,0.12513361831385147,0,h8,healthy008_2014_10_03-09_12_30,2014_10_03-09_12_30,/kaggle/input/d1namo-ecg-glucose-data/healthy_subset_sensor_data/healthy_subset_sensor_data/008/sensor_data/2014_10_03-09_12_30/2014_10_03-09_12_30_Breathing.csv
25.46721927040391,10.27589924596518,1.258455962996222,1.0400426575900796,0.3812147323744578,2.6411687863551214,1.6998185962275252,1.4653323683794597,0.7541143493484612,2.420129763413022,15859.462606476476,48181.073695199186,0.0703125,9249634358.021973,4884844747.418193,391820547.9347989,2.6715631735885603,0.16991443256599684,0,h8,healthy008_2014_10_04-09_19_55,2014_10_04-09_19_55,/kaggle/input/d1namo-ecg-glucose-data/healthy_subset_sensor_data/healthy_subset_sensor_data/008/sensor_data/2014_10_04-09_19_55/2014_10_04-09_19_55_Breathing.csv
24.139123033512764,10.669130547239622,1.371677706566405,1.2031151339516089,0.40890692853710614,0.0,0.0,1.5696729344729345,0.8293439189442496,0.0,25844.85142710674,73308.71665085708,0.0703125,18471398710.525738,7782556694.70296,613169634.858896,2.5876425787679254,0.14239648039154096,0,h9,healthy009_2014_10_01-07_30_11,2014_10_01-07_30_11,/kaggle/input/d1namo-ecg-glucose-data/healthy_subset_sensor_data/healthy_subset_sensor_data/009/sensor_data/2014_10_01-07_30_11/2014_10_01-07_30_11_Breathing.csv
23.980210877262312,10.452181421016382,1.3290637898003772,1.1288365899387234,0.38532475675593914,1.3480844741589726,0.656824446642306,1.5665319207621735,0.7929463739334273,1.1505173591609352,23348.708537631646,86258.09081101438,0.0703125,18428929259.545067,6586438215.674385,476460553.99521136,2.479337975666599,0.14077405593001474,0,h9,healthy009_2014_10_02-07_05_46,2014_10_02-07_05_46,/kaggle/input/d1namo-ecg-glucose-data/healthy_subset_sensor_data/healthy_subset_sensor_data/009/sensor_data/2014_10_02-07_05_46/2014_10_02-07_05_46_Breathing.csv
25.33234260810468,10.708261789869685,1.3961925458031628,1.1454465960359468,0.4117442908045801,2.346755752465343,1.9281744280934199,1.4902358818693482,0.8205314517954693,2.0254075872611756,31589.9657865337,77375.65548292034,0.0703125,13150748909.084442,6902677104.002298,525962273.1028578,2.713263816533767,0.16140978089249441,0,h9,healthy009_2014_10_03-07_31_26,2014_10_03-07_31_26,/kaggle/input/d1namo-ecg-glucose-data/healthy_subset_sensor_data/healthy_subset_sensor_data/009/sensor_data/2014_10_03-07_31_26/2014_10_03-07_31_26_Breathing.csv
22.81822246417671,10.099398713361365,1.3272290835887033,1.1520061773730663,0.3738084324574185,1.4435723007151577,0.7202129701404388,1.6705707533809349,0.8122688576945113,1.0983015065553967,15456.184942800857,61127.482032591695,0.140625,7885769108.925705,3210029884.0982413,308667122.9566688,2.563314327271016,0.16672992744350337,0,h9,healthy009_2014_10_04-06_09_00,2014_10_04-06_09_00,/kaggle/input/d1namo-ecg-glucose-data/healthy_subset_sensor_data/healthy_subset_sensor_data/009/sensor_data/2014_10_04-06_09_00/2014_10_04-06_09_00_Breathing.csv
